,,,,,,
,,,,,,
,,,Retirement Table,,,
,,,,,,
,Input ?,$0.00, = Initial Balance $'s,,,
,Input ?,5.00%, = Interest Rate % Municipal Bonds,,,
,Input ?,"$100,000.00", = Salary $'s/year,,,
,Input ?,20.00%, = %Saved from salary to apply to Retirement,,,
,Calc ?,"$20,000.00", = Yearly Deposit applied to Retirement ,,,
,Calc ?,"$2,000,000.00", = How much will you need for Retirement,,,
,,,,,,
,,,,,,105.00%
,Year,Date,Balance,Interest,Yearly,Closed Frm
,,,Beg of Year,End of Year,Deposit,Solution
,,,,,,
,0,2025,$0.00,$0.00,"$20,000.00",$0.00
,1,2026,"$20,000.00","$1,000.00","$20,000.00","$20,000.00"
,2,2027,"$41,000.00","$2,050.00","$20,000.00","$41,000.00"
,3,2028,"$63,050.00","$3,152.50","$20,000.00","$63,050.00"
,4,2029,"$86,202.50","$4,310.13","$20,000.00","$86,202.50"
,5,2030,"$110,512.63","$5,525.63","$20,000.00","$110,512.63"
,6,2031,"$136,038.26","$6,801.91","$20,000.00","$136,038.26"
,7,2032,"$162,840.17","$8,142.01","$20,000.00","$162,840.17"
,8,2033,"$190,982.18","$9,549.11","$20,000.00","$190,982.18"
,9,2034,"$220,531.29","$11,026.56","$20,000.00","$220,531.29"
,10,2035,"$251,557.85","$12,577.89","$20,000.00","$251,557.85"
,11,2036,"$284,135.74","$14,206.79","$20,000.00","$284,135.74"
,12,2037,"$318,342.53","$15,917.13","$20,000.00","$318,342.53"
,13,2038,"$354,259.66","$17,712.98","$20,000.00","$354,259.66"
,14,2039,"$391,972.64","$19,598.63","$20,000.00","$391,972.64"
,15,2040,"$431,571.27","$21,578.56","$20,000.00","$431,571.27"
,16,2041,"$473,149.84","$23,657.49","$20,000.00","$473,149.84"
,17,2042,"$516,807.33","$25,840.37","$20,000.00","$516,807.33"
,18,2043,"$562,647.69","$28,132.38","$20,000.00","$562,647.69"
,19,2044,"$610,780.08","$30,539.00","$20,000.00","$610,780.08"
,20,2045,"$661,319.08","$33,065.95","$20,000.00","$661,319.08"
,21,2046,"$714,385.04","$35,719.25","$20,000.00","$714,385.04"
,22,2047,"$770,104.29","$38,505.21","$20,000.00","$770,104.29"
,23,2048,"$828,609.50","$41,430.48","$20,000.00","$828,609.50"
,24,2049,"$890,039.98","$44,502.00","$20,000.00","$890,039.98"
,25,2050,"$954,541.98","$47,727.10","$20,000.00","$954,541.98"
,26,2051,"$1,022,269.08","$51,113.45","$20,000.00","$1,022,269.08"
,27,2052,"$1,093,382.53","$54,669.13","$20,000.00","$1,093,382.53"
,28,2053,"$1,168,051.66","$58,402.58","$20,000.00","$1,168,051.66"
,29,2054,"$1,246,454.24","$62,322.71","$20,000.00","$1,246,454.24"
,30,2055,"$1,328,776.95","$66,438.85","$20,000.00","$1,328,776.95"
,31,2056,"$1,415,215.80","$70,760.79","$20,000.00","$1,415,215.80"
,32,2057,"$1,505,976.59","$75,298.83","$20,000.00","$1,505,976.59"
,33,2058,"$1,601,275.42","$80,063.77","$20,000.00","$1,601,275.42"
,34,2059,"$1,701,339.19","$85,066.96","$20,000.00","$1,701,339.19"
,35,2060,"$1,806,406.15","$90,320.31","$20,000.00","$1,806,406.15"
,36,2061,"$1,916,726.45","$95,836.32","$20,000.00","$1,916,726.45"
,37,2062,"$2,032,562.78","$101,628.14","$20,000.00","$2,032,562.78"
,38,2063,"$2,154,190.92","$107,709.55","$20,000.00","$2,154,190.92"
,39,2064,"$2,281,900.46","$114,095.02","$20,000.00","$2,281,900.46"
,40,2065,"$2,415,995.48","$120,799.77","$20,000.00","$2,415,995.48"
,41,2066,"$2,556,795.26","$127,839.76","$20,000.00","$2,556,795.26"
,42,2067,"$2,704,635.02","$135,231.75","$20,000.00","$2,704,635.02"
,43,2068,"$2,859,866.77","$142,993.34","$20,000.00","$2,859,866.77"
,44,2069,"$3,022,860.11","$151,143.01","$20,000.00","$3,022,860.11"
,45,2070,"$3,194,003.12","$159,700.16","$20,000.00","$3,194,003.12"
,46,2071,"$3,373,703.27","$168,685.16","$20,000.00","$3,373,703.27"
,47,2072,"$3,562,388.44","$178,119.42","$20,000.00","$3,562,388.44"
,48,2073,"$3,760,507.86","$188,025.39","$20,000.00","$3,760,507.86"
,49,2074,"$3,968,533.25","$198,426.66","$20,000.00","$3,968,533.25"
,50,2075,"$4,186,959.91","$209,348.00","$20,000.00","$4,186,959.91"
